cell,V_kV,Wsyn_MeV,Wout_pred_MeV,Wout_transoptr_MeV,dW_pred_MeV,dW_transoptr_MeV,Sig0T_deg,Sig0L_deg,A01,A10,Phi_deg,a_cm,m,B,L_cm,Z_cm,k_cm_inv,status
1,55.2,0.03,0.03,0.03,0.0,0.0,406.93979898751616,0.0,6.249999999999999,0.0,-90.0,0.4,1.0,3.0,0.7399059246921634,0.7399059246921634,4.245935258454441,mock_ok
2,55.2,0.03,0.030158565838880373,0.030158565838880373,0.00015856583888037437,0.0001585658388803743,405.5594390724517,3.982032632718803,6.23754408567688,0.0028726404919600743,-89.59731543624162,0.3993288590604027,1.0053691275167784,3.0067114093959733,0.7399059246921634,1.4798118493843269,4.245935258454441,mock_ok
3,55.2,0.030158565838880373,0.030475396275843294,0.030475396275843294,0.00031683043696292053,0.0003168304369629213,404.19485314903267,5.628769287889854,6.225340819918235,0.00574024890112238,-89.19463087248322,0.3986577181208054,1.010738255033557,3.0134228187919465,0.7418586503755483,2.2216704997598753,4.234759077082186,mock_ok
4,55.2,0.030475396275843294,0.030951508882023807,0.030951508882023807,0.00047611260618051247,0.0004761126061805128,402.84579801231075,6.90009134852947,6.213381848910504,0.008627145929772276,-88.79194630872483,0.39798657718120806,1.0161073825503355,3.0201342281879193,0.7457450738918188,2.967415573651694,4.212689783111497,mock_ok
5,55.2,0.030951508882023807,0.031589170096066536,0.031589170096066536,0.000637661214042729,0.0006376612140427292,401.5120355977617,7.9853692090142525,6.201654672540278,0.01155639993194921,-88.38926174496645,0.39731543624161075,1.0214765100671142,3.0268456375838926,0.7515475442807442,3.7189631179324385,4.180164884440413,mock_ok
6,55.2,0.031589170096066536,0.032391803243226235,0.032391803243226235,0.000802633147159701,0.0008026331471596981,400.19333284719664,8.958979557738152,6.190143236418358,0.014549438044083738,-87.98657718120805,0.39664429530201345,1.0268456375838926,3.033557046979866,0.7592493592028323,4.478212477135271,4.137761350089623,mock_ok
7,55.2,0.032391803243226235,0.03336387607878307,0.03336387607878307,0.0009720728355568389,0.0009720728355568364,398.88946157885783,9.859375414075878,6.178828640378323,0.017625684048411194,-87.58389261744966,0.39597315436241615,1.0322147651006712,3.040268456375839,0.7688340518896738,5.247046529024945,4.086177824549068,mock_ok
8,55.2,0.03336387607878307,0.03451076960080809,0.03451076960080809,0.0011468935220250195,0.0011468935220250165,397.6001983615515,10.709311471915548,6.167689925561529,0.02080222596611388,-87.18120805369128,0.3953020134228188,1.0375838926174497,3.046979865771812,0.7802844633420796,6.027330992367024,4.026214542493726,mock_ok
9,55.2,0.03451076960080809,0.035838630371150704,0.035838630371150704,0.0013278607703426162,0.0013278607703426162,396.3253243926688,11.523284125381165,6.156704899937394,0.024093522041007176,-86.77852348993288,0.3946308724832215,1.0429530201342283,3.053691275167785,0.793581680632562,6.820912672999587,3.9587514811148834,mock_ok
10,55.2,0.035838630371150704,0.037354209339524234,0.037354209339524234,0.001515578968373528,0.0015155789683735307,395.0646253799579,12.310885298683958,6.145850961430085,0.027511158604438174,-86.3758389261745,0.3939597315436242,1.0483221476510067,3.0604026845637584,0.8087039284008851,7.629616601400472,3.8847253528271035,mock_ok
11,55.2,0.037354209339524234,0.03906469106969106,0.03906469106969106,0.0017104817301668211,0.0017104817301668226,393.8178914269123,13.07853864224448,6.1351058790705375,0.031063676106649944,-85.97315436241611,0.3932885906040269,1.0536912751677852,3.0671140939597317,0.8256255015475278,8.455242102948,3.8051061258419048,mock_ok
12,55.2,0.03906469106969106,0.040977518158188744,0.040977518158188744,0.00191282708849769,0.0019128270884976872,392.58491692164733,13.830499226339192,6.12444849609521,0.0347564795096457,-85.57046979865771,0.3926174496644296,1.0590604026845638,3.073825503355705,0.8443158223277528,9.299557925275753,3.7208738371484245,mock_ok
13,55.2,0.040977518158188744,0.04310021633593088,0.04310021633593088,0.0021226981777421293,0.0021226981777421328,391.3655004291419,14.569482412708176,6.113859324811865,0.038591845923058504,-85.16778523489933,0.3919463087248322,1.0644295302013422,3.0805369127516777,0.8647386940112847,10.164296619287038,3.6329965055880753,mock_ok
14,55.2,0.04310021633593088,0.04544022609023162,0.04544022609023162,0.002340009754300742,0.002340009754300744,390.1594445867267,15.297090423674502,6.103321011156479,0.042569036130024863,-84.76510067114094,0.3912751677852349,1.0697986577181209,3.087248322147651,0.8868518065272296,11.051148425814267,3.5424099386928796,mock_ok
15,55.2,0.04544022609023162,0.04800474652977917,0.04800474652977917,0.0025645204395475514,0.002564520439547552,388.9665560027066,16.01412014300989,6.092818656589967,0.04668450840629267,-84.36241610738256,0.3906040268456376,1.0751677852348993,3.0939597315436242,0.9106065282433569,11.961754954057623,3.4500001440251173,mock_ok
16,55.2,0.04800474652977917,0.05080059660439072,0.05080059660439072,0.002795850074611549,0.0027958500746115486,387.78664515800676,16.72079565873451,6.082339995400149,0.050932224141296174,-83.95973154362416,0.3899328859060403,1.0805369127516777,3.1006711409395975,0.9359479942857076,12.89770294834333,3.35658890533483,mock_ok
17,55.2,0.05080059660439072,0.05383409773556204,0.05383409773556204,0.0030335011311713204,0.003033501131171318,386.6195263107387,17.416949018617814,6.071875435467409,0.055304026732134776,-83.55704697986577,0.38926174496644295,1.0859060402684564,3.1073825503355703,0.9628154780807461,13.860518426424075,3.2629228809783686,mock_ok
18,55.2,0.05383409773556204,0.05711098053683008,0.05711098053683008,0.003276882801268043,0.00327688280126804,385.4650174035861,18.102162305282878,6.061417979027466,0.059790069366952144,-83.15436241610738,0.38859060402684564,1.0912751677852348,3.1140939597315436,0.9911430118413548,14.851661438265431,3.169666350926808,mock_ok
19,55.2,0.05711098053683008,0.060636316774607485,0.060636316774607485,0.0035253362377774054,0.003525336237777406,384.3229399739129,18.775878775113046,6.0509630460792865,0.06437926448167318,-82.75167785234899,0.38791946308724834,1.0966442953020135,3.120805369127517,1.0208602055334481,15.87252164379888,3.077397509043034,mock_ok
20,55.2,0.060636316774607485,0.0644144762220189,0.0644144762220189,0.0037781594474114223,0.0037781594474114166,383.1931190665014,19.437488128385883,6.040508226385273,0.06905972809363904,-82.3489932885906,0.38724832214765104,1.1020134228187919,3.12751677852349,1.0518932040990707,16.92441484789795,2.986607995324502,mock_ok
21,55.2,0.0644144762220189,0.06844910674895921,0.06844910674895921,0.004034630526940309,0.004034630526940308,382.0753831488305,20.08638973768136,6.030052986501387,0.07381919549178032,-81.94630872483222,0.38657718120805373,1.1073825503355705,3.134228187919463,1.08416571955696,18.00858056745491,2.897705209562974,mock_ok
22,55.2,0.06844910674895921,0.07274313498304924,0.07274313498304924,0.004294028234090036,0.00429402823409003,380.9695640288104,20.722037144282016,6.019598356352471,0.07864539007153294,-81.54362416107382,0.3859060402684564,1.112751677852349,3.140939597315436,1.1176000776043342,19.126180645059243,2.8110168534741424,mock_ok
23,55.2,0.07274313498304924,0.07729878422251496,0.07729878422251496,0.004555649239465723,0.00455564923946572,379.87549677488715,21.343966921511385,6.009146616197819,0.08352633341287552,-81.14093959731544,0.38523489932885907,1.1181208053691276,3.1476510067114094,1.1521182261510055,20.27829887121025,2.726797113595903,mock_ok
24,55.2,0.07729878422251496,0.08211760598207403,0.08211760598207403,0.004818821759559074,0.004818821759559069,378.793019638443,21.951814867019706,5.998701000183182,0.0884505910195152,-80.73825503355705,0.38456375838926177,1.123489932885906,3.1543624161073827,1.187642664049101,21.46594153525935,2.645233914786266,mock_ok
25,55.2,0.08211760598207403,0.08720052156298204,0.08720052156298204,0.005082915580908016,0.0050829155809080095,377.72197397841137,22.54532231064354,5.988265427764141,0.09340745369944016,-80.33557046979865,0.38389261744966446,1.1288590604026845,3.1610738255033555,1.224097260544402,22.69003879580375,2.566456730891309,mock_ok
26,55.2,0.08720052156298204,0.09254787028839369,0.09254787028839369,0.005347348725411645,0.005347348725411649,376.662204188036,23.124335072411583,5.977844269689997,0.09838705889137983,-79.93288590604027,0.3832214765100671,1.1342281879194631,3.1677852348993287,1.261407947972949,23.9514467437767,2.4905445210157855,mock_ok
27,55.2,0.09254787028839369,0.09815946145595535,0.09815946145595535,0.005611591167561655,0.005611591167561658,375.61355762370334,23.68879728386744,5.967442151331913,0.10338045915716922,-79.53020134228188,0.3825503355704698,1.1395973154362415,3.174496644295302,1.2995032809051528,25.250950024681853,2.417533452783248,mock_ok
28,55.2,0.09815946145595535,0.10403462755602975,0.10403462755602975,0.005875166100074413,0.005875166100074408,374.5758845357782,24.23874192295139,5.957063793105841,0.1083796466339928,-79.12751677852349,0.3818791946308725,1.1449664429530202,3.1812080536912752,1.338314863683609,26.589264888365463,2.347424166644014,mock_ok
29,55.2,0.10403462755602975,0.11017227682342433,0.11017227682342433,0.006137649267394576,0.006137649267394574,373.54903800138015,24.77427954027034,5.9467138856075055,0.11337754268819877,-78.7248322147651,0.3812080536912752,1.1503355704697986,3.1879194630872485,1.3777776547396654,27.96704254310513,2.2801884199402296,mock_ok
30,55.2,0.11017227682342433,0.11657094368670563,0.11657094368670563,0.006398666863281303,0.006398666863281305,372.5328738590347,25.295586301331902,5.9363969957564136,0.11836796162626109,-78.32214765100672,0.3805369127516779,1.1557046979865773,3.1946308724832213,1.4178301603426042,29.384872703447733,2.215775021199055,mock_ok
31,55.2,0.11657094368670563,0.12322883612232942,0.12322883612232942,0.006657892435623789,0.006657892435623786,371.5272506451412,25.802892154996478,5.926117499593308,0.12334555639174455,-77.91946308724832,0.37986577181208053,1.1610738255033557,3.2013422818791946,1.4584145327996754,30.84328723624741,2.154115022125411,mock_ok
32,55.2,0.12322883612232942,0.1301438792952778,0.1301438792952778,0.006915043172948376,0.0069150431729483736,370.53202953219653,26.296469673605195,5.915879537226968,0.12830575296378952,-77.51677852348993,0.37919463087248323,1.1664429530201343,3.208053691275168,1.4994765889079467,32.34276382515536,2.09512617724681,mock_ok
33,55.2,0.1301438792952778,0.13731375516917335,0.13731375516917335,0.007169875873895548,0.007169875873895559,369.54707426872096,26.776623898272813,5.9056869856224115,0.13324467887267652,-77.11409395973155,0.3785234899328859,1.1718120805369128,3.214765100671141,1.5409657641226866,33.88372958927805,2.0387167104769435,mock_ok
34,55.2,0.13731375516917335,0.14473593799995935,0.14473593799995935,0.007422182830785992,0.007422182830785995,368.57225112082875,27.24368336107655,5.89554344532957,0.13815908999734083,-76.71140939597315,0.3778523489932886,1.1771812080536912,3.221476510067114,1.582835016798015,35.46656460607606,1.98478844620525,mock_ok
35,55.2,0.14473593799995935,0.15240772579575454,0.15240772579575454,0.007671787795795192,0.007671787795795193,367.6074288153943,27.697992338426253,5.885452237765476,0.14304629869071347,-76.30872483221476,0.37718120805369126,1.1825503355704698,3.228187919463087,1.6250406952802514,37.09160530135631,1.9332393722287675,mock_ok
36,55.2,0.15240772579575454,0.16032626794116492,0.16032626794116492,0.007918542145410391,0.007918542145410379,366.6524784847617,28.139904309379574,5.875416410207616,0.14790410533191986,-75.90604026845638,0.37651006711409396,1.1879194630872483,3.2348993288590604,1.6675423788523875,38.7591476802087,1.8839657051186043,mock_ok
37,55.2,0.16032626794116492,0.16848858925740978,0.16848858925740978,0.008162321316244874,0.008162321316244864,365.70727361294837,28.569776541381756,5.8654387461820185,0.15273073463944029,-75.50335570469798,0.37583892617449666,1.193288590604027,3.2416107382550337,1.7103027017249777,40.469450381933676,1.8368635273868448,mock_ok
38,55.2,0.16848858925740978,0.17689161080975055,0.17689161080975055,0.008403021552340769,0.008403021552340767,364.77168998329887,28.987965696717612,5.855521779407553,0.1575247774864577,-75.1006711409396,0.37516778523489935,1.1986577181208053,3.248322147651007,1.7532871675582689,42.222737549491946,1.7918300616806317,mock_ok
39,55.2,0.17689161080975055,0.18553216778934095,0.18553216778934095,0.008640556979590397,0.008640556979590402,363.8456056275403,29.394824339652715,5.845667809874625,0.16228513851754894,-74.69798657718121,0.37449664429530205,1.204026845637584,3.2550335570469797,1.7964639604109685,44.01920150990291,1.748764641441015,mock_ok
40,55.2,0.18553216778934095,0.1944070247949285,0.1944070247949285,0.008874857005587532,0.008874857005587544,362.9289007761982,29.79069822207518,5.835878920985192,0.16701098955251112,-74.29530201342281,0.3738255033557047,1.2093959731543624,3.261744966442953,1.8398037566881464,45.85900526659106,1.7075694307989744,mock_ok
41,55.2,0.1944070247949285,0.20351288882640806,0.20351288882640806,0.009105864031479552,0.00910586403147956,362.02145781032897,30.175924230219614,5.826156996967969,0.17170172854978932,-73.89261744966443,0.3731543624161074,1.214765100671141,3.2684563758389262,1.883279541463888,47.74228480805495,1.668149939731097,mock_ok
42,55.2,0.20351288882640806,0.2128464202815233,0.2128464202815233,0.00933353145511527,0.009333531455115257,361.1231612145306,30.55082888419767,5.816503740010439,0.1763569437689892,-73.48993288590604,0.3724832214765101,1.2201342281879195,3.2751677852348995,1.9268664316194224,49.66915123967437,1.6304153739133138,mock_ok
43,55.2,0.2128464202815233,0.22240424222225522,0.22240424222225522,0.009557821940731905,0.009557821940731903,360.2338975311907,30.915727293291848,5.806920686727781,0.18097638269707142,-73.08724832214764,0.3718120805369128,1.225503355704698,3.2818791946308723,1.970541507448197,51.63969274712257,1.594278852648011,mock_ok
44,55.2,0.22240424222225522,0.23218294815099966,0.23218294815099966,0.00977870592874444,0.009778705928744441,359.3535553159337,31.270922481987064,5.797409223725247,0.18555992527079576,-72.68456375838926,0.3711409395973154,1.2308724832214766,3.2885906040268456,2.01428365376518,53.65397640088775,1.559657522771136,mock_ok
45,55.2,0.23218294815099966,0.24217910851013952,0.24217910851013952,0.00999616035913985,0.00999616035913986,358.4820250942335,31.616705013552327,5.7879706021127495,0.19010756092530237,-72.28187919463087,0.3704697986577181,1.236241610738255,3.295302013422819,2.0580734110730123,55.71204981196076,1.526472591641845,mock_ok
46,55.2,0.24217910851013952,0.25238927609314993,0.25238927609314993,0.010210167583010394,0.01021016758301041,357.61919931915304,31.95335284913055,5.7786059509048355,0.1946193690159386,-71.87919463087249,0.3697986577181208,1.2416107382550337,3.302013422818792,2.10189283699029,57.81394264895105,1.494649298147975,mock_ok
47,55.2,0.25238927609314993,0.262809990531551,0.262809990531551,0.010420714438401094,0.01042071443840109,356.7649723301794,32.28113139033558,5.769316289293384,0.19909550218879665,-71.47651006711409,0.3691275167785235,1.246979865771812,3.3087248322147653,2.1457253778453733,59.95966802679642,1.4641168371436322,mock_ok
48,55.2,0.262809990531551,0.27343778200026186,0.27343778200026186,0.01062779146871084,0.010627791468710845,355.9192403131198,32.60029366234427,5.760102537816242,0.20353617231166105,-71.0738255033557,0.3684563758389262,1.2523489932885905,3.315436241610738,2.189555750183277,62.149223776979696,1.434808249722267,mock_ok
49,55.2,0.27343778200026186,0.28426917426428966,0.28426917426428966,0.010831392264027812,0.010831392264027795,355.0819012610283,32.91108060217381,5.750965528470326,0.20794163861479076,-70.67114093959731,0.36778523489932885,1.2577181208053692,3.3221476510067114,2.233369831764053,64.38259360874375,1.4066602892671698,mock_ok
50,55.2,0.28426917426428966,0.2953006871722728,0.2953006871722728,0.01103151290798318,0.011031512907983154,354.2528549361311,33.213721423506854,5.741906013832016,0.21231219773001225,-70.26845637583892,0.36711409395973155,1.2630872483221478,3.3288590604026846,2.2771545615724587,66.6597481703162,1.3796132711432676,mock_ok
51,55.2,0.2953006871722728,0.30652883868704384,0.30652883868704384,0.011228151514771006,0.011228151514771023,353.432002832723,33.50843403498738,5.73292467525675,0.21664817535321154,-69.86577181208054,0.36644295302013424,1.2684563758389262,3.335570469798658,2.3208978482738902,68.9806460185901,1.353610912227901,mock_ok
52,55.2,0.30652883868704384,0.3179501465300148,0.3179501465300148,0.011421307842970959,0.011421307842970962,352.61924814100325,33.79542549365366,5.72402213023199,0.220949919290756,-69.46308724832215,0.36577181208053694,1.2738255033557047,3.3422818791946307,2.36458848657925,71.34523450516934,1.3286001650691457,mock_ok
53,55.2,0.3179501465300148,0.3295611295045533,0.3295611295045533,0.011610982974538504,0.011610982974538497,351.8144957118266,34.074892478977105,5.715198938959253,0.22521779368110595,-69.06040268456375,0.3651006711409396,1.2791946308724833,3.348993288590604,2.408216080909993,73.75345058607934,1.3045310503875878,mock_ok
54,55.2,0.3295611295045533,0.3413583085535174,0.3413583085535174,0.0117971790489641,0.011797179048964102,351.01765202234066,34.34702177622406,5.706455610237477,0.22945217421214198,-68.65771812080537,0.3644295302013423,1.2845637583892617,3.3557046979865772,2.451770975815711,76.20522156189504,1.2813564907075288,mock_ok
55,55.2,0.3413583085535174,0.35333820759752615,0.35333820759752615,0.011979899044008776,0.011979899044008757,350.2286251424842,34.61199076044135,5.697792606716705,0.23365344417984202,-68.25503355704699,0.363758389261745,1.2899328859060404,3.3624161073825505,2.495244192603776,78.70046575449882,1.2590321471950028,mock_ok
56,55.2,0.35333820759752615,0.36549735419318047,0.36549735419318047,0.012159146595654306,0.012159146595654313,349.44732470232213,34.869967874453664,5.68921034958684,0.23782199125593528,-67.85234899328859,0.36308724832214767,1.2953020134228188,3.3691275167785237,2.5386273716454952,81.23909312614431,1.2375162612201198,mock_ok
57,55.2,0.36549735419318047,0.377832280044194,0.377832280044194,0.012334925851013532,0.012334925851013534,348.67366186019234,35.12111309599047,5.680709222760596,0.24195820485201894,-67.4496644295302,0.36241610738255037,1.3006711409395972,3.3758389261744965,2.581912719887335,83.82100584603165,1.2167695016920945,mock_ok
58,55.2,0.377832280044194,0.3903395213930552,0.3903395213930552,0.012507241348861208,0.01250724134886122,347.90754927164085,35.365578390380115,5.672289576605472,0.246062473983978,-67.04697986577182,0.361744966442953,1.3060402684563759,3.38255033557047,2.6250929630900024,86.44609880912165,1.1967548188814685,mock_ok
59,55.2,0.3903395213930552,0.40301561931633495,0.40301561931633495,0.012676097923279714,0.012676097923279728,347.1489010591243,35.60350814636068,5.663951731273644,0.25013518555554154,-66.64429530201342,0.3610738255033557,1.3114093959731543,3.389261744966443,2.668161302391178,89.11426011151283,1.1774373051488045,mock_ok
60,55.2,0.40301561931633495,0.4158571199429232,0.4158571199429232,0.012841500626588204,0.012841500626588231,346.397632782455,35.835039593375924,5.655695979674592,0.2541767229918767,-66.24161073825503,0.3604026845637584,1.316778523489933,3.395973154362416,2.711111374787193,91.82537148630003,1.1587840628039083,mock_ok
61,55.2,0.4158571199429232,0.42886057461125154,0.42886057461125154,0.013003454668328336,0.013003454668328362,345.6536614099714,36.06030319940243,5.647522590130247,0.2581874651649963,-65.83892617449665,0.3597315436241611,1.3221476510067114,3.402684563758389,2.753937217180046,94.57930870348008,1.1407640791487235,mock_ok
62,55.2,0.42886057461125154,0.4420225399788309,0.4420225399788309,0.01316196536757937,0.013161965367579354,344.9169052904094,36.279423048857005,5.63943180874855,0.2621677855617236,-65.43624161073825,0.35906040268456374,1.32751677852349,3.4093959731543624,2.796633233654115,97.3759419371342,1.123348108641672,mock_ok
63,55.2,0.4420225399788309,0.4553395780951448,0.4553395780951448,0.013317038116313925,0.013317038116313906,344.1872841254575,36.49251720053569,5.631423861547054,0.26611805165285785,-65.03355704697987,0.35838926174496644,1.3328859060402685,3.4161073825503356,2.839194165693194,100.2151361028274,1.106508562024594,mock_ok
64,55.2,0.4553395780951448,0.468808256447003,0.468808256447003,0.013468678351858226,0.013468678351858221,343.4647189429765,36.69969802581245,5.6234989563551565,0.2700386244285063,-64.63087248322148,0.35771812080536913,1.3382550335570471,3.422818791946309,2.881615065049797,103.0967511678772,1.0902194022002392,mock_ok
65,55.2,0.468808256447003,0.48242514798384717,0.48242514798384717,0.013616891536844162,0.013616891536844145,342.7491320708635,36.90107252756234,5.615657284519885,0.273929858070398,-64.2281879194631,0.35704697986577183,1.3436241610738255,3.4295302013422817,2.9238912690331014,106.02064243691031,1.0744560465918704,mock_ok
66,55.2,0.48242514798384717,0.49618683112913514,0.49618683112913514,0.013761683145287973,0.013761683145287973,342.0404471115434,37.09674264040978,5.607899022437705,0.2777920997364281,-63.8255033557047,0.3563758389261745,1.348993288590604,3.436241610738255,2.9660183779757987,108.98666081488611,1.0591952756994776,mock_ok
67,55.2,0.49618683112913514,0.5100898897827973,0.5100898897827973,0.01390305865366218,0.013903058653662204,341.3385889170715,37.28680551302589,5.600224332932016,0.28162568943688115,-63.422818791946305,0.35570469798657717,1.3543624161073826,3.442953020134228,3.007992234683913,111.99465304957002,1.0444151475410703,mock_ok
68,55.2,0.5100898897827973,0.5241309133188078,0.5241309133188078,0.014041023536010404,0.014041023536010444,340.643483564828,37.471353773263125,5.592633366493681,0.28543095998507884,-63.02013422818791,0.35503355704697986,1.359731543624161,3.4496644295302015,3.04980890568775,115.04446195525777,1.0300949176621756,mock_ok
69,55.2,0.5241309133188078,0.5383064965811124,0.5383064965811124,0.014175583262304626,0.014175583262304614,339.95505833379053,37.65047577694687,5.585126262400318,0.2892082370078858,-62.61744966442953,0.35436241610738256,1.3651006711409397,3.4563758389261743,3.0914646641101475,118.13592661936792,1.0162149644023424,mock_ok
70,55.2,0.5383064965811124,0.5526132398805025,0.5526132398805025,0.01430674329939006,0.014306743299390079,339.2732416813674,37.82425584117956,5.5777031497277045,0.29295783900416905,-62.214765100671144,0.35369127516778526,1.3704697986577181,3.4630872483221475,3.132955974017956,121.26888259338588,1.0027567190996178,mock_ok
71,55.2,0.5526132398805025,0.5670477489944682,0.5670477489944682,0.014434509113965658,0.01443450911396571,338.59796322077653,37.99277446300238,5.570364148265379,0.29668007744114633,-61.81208053691275,0.3530201342281879,1.3758389261744965,3.469798657718121,3.1742794761165443,124.44316206950242,0.9897026009295373,mock_ok
72,55.2,0.5670477489944682,0.5816066351716067,0.5816066351716067,0.014558886177138467,0.01455888617713852,337.92915369895564,38.156108524243486,5.5631093693473135,0.30037525688018146,-61.40939597315436,0.3523489932885906,1.3812080536912752,3.476510067114094,3.2154319746501963,127.65859404415262,0.9770359560884705,mock_ok
73,55.2,0.5816066351716067,0.5962865151417873,0.5962865151417873,0.01467987997018061,0.01467987997018061,337.2667449749896,38.31433148337657,5.555938916606751,0.30404367512525465,-61.006711409395976,0.3516778523489933,1.3865771812080538,3.4832214765100673,3.2564104254153254,130.91500446956795,0.9647410010330967,mock_ok
74,55.2,0.5962865151417873,0.611084011132959,0.611084011132959,0.014797495991171687,0.014797495991171639,336.6106699990402,38.46751355516975,5.548852886663739,0.3076856233882832,-60.604026845637584,0.351006711409396,1.3919463087248323,3.48993288590604,3.297211924771665,134.2122163943396,0.9528027695118054,mock_ok
75,55.2,0.611084011132959,0.6259957508952307,0.6259957508952307,0.014911739762271831,0.01491173976227178,335.960862791765,38.61572187888222,5.541851369752598,0.31130138646661926,-60.20134228187919,0.3503355704697987,1.3973154362416107,3.4966442953020134,3.33783369956547,137.55005009390507,0.9412070631316282,mock_ok
76,55.2,0.6259957508952307,0.6410183677326462,0.6410183677326462,0.015022616837415468,0.015022616837415459,335.3172584242131,38.759020675728465,5.534934450295822,0.31489124292886106,-59.7986577181208,0.3496644295302013,1.4026845637583893,3.5033557046979866,3.378273097883772,140.92832319178885,0.9299404052199803,mock_ok
77,55.2,0.6410183677326462,0.656148500542899,0.656148500542899,0.015130132810252819,0.015130132810252772,334.67979299818415,38.89747139629107,5.5281022074302,0.31845546530578034,-59.39597315436241,0.348993288590604,1.4080536912751678,3.51006711409396,3.418527580560661,144.3468507723495,0.9189899977564467,mock_ok
78,55.2,0.656148500542899,0.6713827938650997,0.6713827938650997,0.015234293322200745,0.01523429332220072,334.0484036270388,39.03113285852813,5.5213547154902125,0.3219943202838027,-58.993288590604024,0.3483221476510067,1.4134228187919464,3.5167785234899327,3.458594713369372,147.80544548571888,0.9083436811621229,mock_ok
79,55.2,0.6713827938650997,0.6867178979355918,0.6867178979355918,0.01533510407049214,0.0153351040704921,333.4230284169488,39.160061376984764,5.5146920444531835,0.32550806889898404,-58.59060402684564,0.3476510067114094,1.4187919463087248,3.523489932885906,3.498472159843197,151.30391764556208,0.8979898967469847,mock_ok
80,55.2,0.6867178979355918,0.702150468751725,0.702150468751725,0.015432570816133216,0.015432570816133251,332.80360644857444,39.28431088377804,5.508114260350188,0.32899696672978285,-58.18791946308725,0.34697986577181206,1.4241610738255033,3.530201342281879,3.5381576746651078,154.8420753202272,0.8879176516312688,mock_ok
81,55.2,0.702150468751725,0.7176771681434232,0.7176771681434232,0.015526699391698129,0.015526699391698151,332.19007775915924,39.40393304189079,5.501621425646302,0.3324612640873022,-57.785234899328856,0.34630872483221475,1.429530201342282,3.5369127516778525,3.577649097575685,158.41972441780288,0.878116485968013,mock_ok
82,55.2,0.7176771681434232,0.7332946638523303,0.7332946638523303,0.01561749570890712,0.015617495708907136,331.5823833250303,39.51897735127659,5.495213599593294,0.33590120620198227,-57.38255033557047,0.34563758389261745,1.4348993288590604,3.5436241610738257,3.6169443477566334,162.0366687655595,0.8685764423050436,mock_ok
83,55.2,0.7332946638523303,0.7489996296182773,0.7489996296182773,0.015704965765946956,0.015704965765946932,330.98046504449377,39.629491248244605,5.488890838557467,0.33931703340595454,-56.97986577181208,0.34496644295302015,1.440268456375839,3.5503355704697985,3.656041418651439,165.69271018421094,0.8592880369360245,mock_ok
84,55.2,0.7489996296182773,0.7647887452727777,0.7647887452727777,0.015789115654500446,0.015789115654500474,330.3842657211159,39.735520198558426,5.4826531963252885,0.3427089813104087,-56.577181208053695,0.34429530201342284,1.4456375838926174,3.557046979865772,3.6949383731780068,169.38764855738896,0.8502422331032594,mock_ok
85,55.2,0.7647887452727777,0.7806586968392417,0.7806586968392417,0.015869951566464018,0.01586995156646398,329.7937290473785,39.837107784657285,5.476500724388922,0.3460772809775561,-56.1744966442953,0.34362416107382554,1.4510067114093959,3.563758389261745,3.7336333393031222,173.12128189669207,0.8414304159219254,mock_ok
86,55.2,0.7806586968392417,0.7966061766395818,0.7966061766395818,0.015947479800340045,0.01594747980034006,329.20879958870034,39.934295787380606,5.470433472213551,0.3494221590869177,-55.77181208053692,0.3429530201342282,1.4563758389261745,3.570469798657718,3.772124505955468,176.89340640264754,0.8328443689039996,mock_ok
87,55.2,0.7966061766395818,0.8126278834068726,0.8126278834068726,0.016021706767290863,0.016021706767290866,328.62942276781484,40.027124262543346,5.464451487488435,0.3527438380956542,-55.36912751677852,0.3422818791946309,1.4617449664429532,3.577181208053691,3.810410119232855,180.70381652188038,0.8244762519742326,mock_ok
88,55.2,0.8126278834068726,0.8287205224037275,0.8287205224037275,0.016092638996854827,0.01609263899685487,328.0555448494947,40.11563161269535,5.458554816363052,0.3560425363929264,-54.966442953020135,0.3416107382550336,1.4671140939597316,3.5838926174496644,3.84848847889665,184.55230500077704,0.8163185808706067,mock_ok
89,55.2,0.8287205224037275,0.8448808055460478,0.8448808055460478,0.016160283142320285,0.01616028314232032,327.4871129256149,40.19985465436447,5.45274350366987,0.35931846844816934,-54.56375838926174,0.3409395973154362,1.47248322147651,3.5906040268456376,3.886357935115084,188.43866293589213,0.8083642078368583,mock_ok
90,55.2,0.8448808055460478,0.8611054515318106,0.8611054515318106,0.016224645985762745,0.016224645985762787,326.92407490054495,40.27982868106907,5.447017593134905,0.36257184495335787,-54.16107382550335,0.3402684563758389,1.4778523489932887,3.597315436241611,3.924016885444604,192.36267982133674,0.8006063035159036,mock_ok
91,55.2,0.8611054515318106,0.8773911859745596,0.8773911859745596,0.016285734442748955,0.016285734442748945,326.36637947686404,40.355587522360466,5.441377127577247,0.3658028729592978,-53.758389261744966,0.3395973154362416,1.483221476510067,3.604026845637584,3.961463772024151,196.3241435933609,0.7930383399630495,mock_ok
92,55.2,0.8773911859745596,0.8937347415412759,0.8937347415412759,0.016343555566716267,0.016343555566716295,325.81397614138723,40.42716359913996,5.435822149098456,0.3690117560060761,-53.355704697986575,0.3389261744966443,1.4885906040268457,3.610738255033557,3.9986970789694998,200.32284067233041,0.785654074701605,mock_ok
93,55.2,0.8937347415412759,0.9101328580943104,0.9101328580943104,0.016398116553034577,0.01639811655303458,325.26681515150005,40.494587975474666,5.430352699262861,0.3721986942477737,-52.95302013422819,0.338255033557047,1.4939597315436242,3.61744966442953,4.03571532994618,204.3585560022766,0.7784475357511623,mock_ok
94,55.2,0.9101328580943104,0.9265822828370722,0.9265822828370722,0.01644942474276174,0.016449424742761787,324.7248475217882,40.557890407122684,5.42496881926943,0.3753638845716227,-52.5503355704698,0.33758389261744964,1.4993288590604026,3.6241610738255035,4.072517085911798,208.43107308818838,0.77141300756174,mock_ok
95,55.2,0.9265822828370722,0.943079770463175,0.943079770463175,0.016497487626102855,0.016497487626102814,324.1880250109603,40.617099386961215,5.419670550115983,0.37850752071177507,-52.14765100671141,0.33691275167785234,1.5046979865771812,3.6308724832214763,4.109100943013282,212.54017403120167,0.7645450177931145,mock_ok
96,55.2,0.943079770463175,0.9596220833087583,0.9596220833087583,0.016542312845583232,0.016542312845583274,323.65630010905227,40.672242187495925,5.414457932756486,0.3816297933578381,-51.74496644295302,0.33624161073825504,1.5100671140939599,3.6375838926174495,4.145465530621444,216.6856395618231,0.7578383248838253,mock_ok
97,55.2,0.9596220833087583,0.9762059915077069,0.9762059915077069,0.016583908198948633,0.016583908198948616,323.1296260249094,40.72334490062013,5.409331008251843,0.3847308902584135,-51.34228187919463,0.33557046979865773,1.5154362416107383,3.6442953020134228,4.181609509501285,220.86724907132438,0.7512879063555774,mock_ok
98,55.2,0.9762059915077069,0.9928282731495098,0.9928282731495098,0.016622281641802922,0.016622281641802905,322.60795667393694,40.77043247477627,5.404289817914827,0.38781099631980326,-50.939597315436245,0.3348993288590604,1.5208053691275167,3.651006711409396,4.217531570101762,225.08478064142614,0.7448889478055505,mock_ok
99,55.2,0.9928282731495098,1.0094857144395042,1.0094857144395042,0.016657441289994423,0.016657441289994357,322.0912466661149,40.81352874966146,5.3993344034496396,0.39087029370006937,-50.536912751677846,0.33422818791946307,1.5261744966442954,3.6577181208053693,4.25323043095266,229.3380110723788,0.7386368325419236,mock_ok
100,55.2,1.0094857144395042,1.0261751098612686,1.0261751098612686,0.016689395421764362,0.016689395421764397,321.57945129426884,40.85265648861082,5.394464807086469,0.3939089618986841,-50.13422818791946,0.33355704697986577,1.531543624161074,3.6644295302013425,4.288704837169682,233.6267159095485,0.7325271318189102,mock_ok
101,55.2,1.0261751098612686,1.0428932623409357,1.0428932623409357,0.016718152479667205,0.016718152479667125,321.07252652259115,40.887837408778665,5.389681071711444,0.39692717784192877,-49.73154362416107,0.33288590604026846,1.5369127516778525,3.6711409395973154,4.3239535590521205,237.9506694686006,0.7265555956337515,mock_ok
102,55.2,1.0428932623409357,1.0596369834132104,1.0596369834132104,0.016743721072274693,0.01674372107227473,320.57042897540725,40.919092209230016,5.3849832409923915,0.39992511596424657,-49.328859060402685,0.33221476510067116,1.542281879194631,3.6778523489932886,4.358975390767516,242.30964485936812,0.7207181440491295,mock_ok
103,55.2,1.0596369834132104,1.076403093388885,1.076403093388885,0.016766109975674667,0.016766109975674626,320.0731159261797,40.9464405970466,5.380371359500683,0.4029029482857373,-48.92617449664429,0.33154362416107386,1.5476510067114093,3.684563758389262,4.393769149118855,246.703414008487,0.7150108590069694,mock_ok
104,55.2,1.076403093388885,1.09318842152366,1.09318842152366,0.01678532813477494,0.016785328134774957,319.5805452867459,40.96990131154204,5.375845472829447,0.4058608444859712,-48.52348993288591,0.3308724832214765,1.553020134228188,3.6912751677852347,4.428333672385901,251.13174768087288,0.7094299766027259,mock_ok
105,55.2,1.09318842152366,1.1099898061880833,1.1099898061880833,0.016801384664423165,0.01680138466442327,319.09267559678244,40.98949214667481,5.371405627708442,0.40879897197431225,-48.12080536912752,0.3302013422818792,1.5583892617449666,3.697986577181208,4.462667819238458,255.59441550011132,0.703971879790483,mock_ok
106,55.2,1.1099898061880833,1.1268040950384346,1.1268040950384346,0.01681428885035123,0.0168142888503513,318.60946601349184,41.00522997173803,5.367051872115877,0.4117174959568894,-47.718120805369125,0.3295302013422819,1.563758389261745,3.704697986577181,4.496770467708843,260.0911859678202,0.6986330914929868,mock_ok
107,55.2,1.1268040950384346,1.1436281451883905,1.1436281451883905,0.016824050149956003,0.016824050149955916,318.1308763015054,41.01713075040233,5.362784255387253,0.41461657950043546,-47.31543624161074,0.32885906040268453,1.5691275167785235,3.7114093959731544,4.5306405142323065,264.6218264820525,0.6934102680892394,mock_ok
108,55.2,1.1436281451883905,1.1604588233813131,1.1604588233813131,0.016830678192922627,0.01683067819292261,317.65686682299827,41.02520955817609,5.35860282832165,0.4174963835930802,-46.91275167785235,0.32818791946308723,1.574496644295302,3.7181208053691277,4.564276872732851,269.18610335478536,0.6883001932590411,mock_ok
109,55.2,1.1604588233813131,1.1772930061630154,1.1772930061630154,0.01683418278170231,0.016834182781702234,317.18739852801065,41.029480598348194,5.354507643285423,0.4203570672023276,-46.510067114093964,0.3275167785234899,1.5798657718120805,3.7248322147651005,4.597678473770999,273.78378182855636,0.6832997721593764,mock_ok
110,55.2,1.1772930061630154,1.1941275800548654,1.1941275800548654,0.01683457389185015,0.016834573891850058,316.72243294497116,41.0299572164658,5.350498754313673,0.4231987873302925,-46.107382550335565,0.3268456375838926,1.5852348993288592,3.7315436241610738,4.630844263731116,278.41462609228745,0.6784060259151495,crossed_target_outside_tolerance
